Player,Team,Age,Position,Role,2024 Minutes Played,2025 Predicted Minutes,2024 Aerial Duels Won %,2025 Predicted Aerial Duels Won %,2024 Pass Completion %,2025 Predicted Pass Completion %,2024 Interceptions,2025 Predicted Interceptions,2024 Interceptions per 90,2025 Predicted Interceptions per 90,2024 Clearances,2025 Predicted Clearances,2024 Clearances per 90,2025 Predicted Clearances per 90,Analysis & Trend
Adam Webster,Brighton,29,DF,CB,887,981,80.0,66.3,0.0,88.3,20.0,12.2,2.03,12.2,41.0,36.7,4.16,36.7,"At 29, in prime years but may begin to slow. Defensive output improving. ↑"
Axel Disasi,Aston Villa → Chelsea,26,DF,CB,853,1602,63.2,66.1,88.5,88.5,7.0,15.4,0.74,15.4,29.0,62.8,3.06,62.8,"At 26, entering peak years. Defensive output declining. ↓ Minutes dropped recently — injury or form concern."
Ben Davies,Tottenham,31,DF,CB,1331,1143,54.2,56.6,87.6,86.2,12.0,12.1,0.81,12.1,81.0,33.9,5.48,33.9,"At 31, experience is key but decline is possible. Defensive output improving. ↑"
Ben Johnson,Ipswich Town,24,DF,CB,1354,1251,51.4,49.7,71.6,74.8,13.0,14.6,0.86,14.6,54.0,40.3,3.59,40.3,"At 24, entering peak years. Defensive output improving. ↑ Playing more minutes each season."
Ben White,Arsenal,27,DF,CB,1198,1890,66.7,55.8,0.0,83.6,16.0,21.4,1.2,21.4,44.0,48.9,3.31,48.9,"At 27, entering peak years. Defensive output improving. ↑ Minutes dropped recently — injury or form concern."
Chris Richards,Crystal Palace,24,DF,CB,1922,1467,53.9,65.9,0.0,82.4,19.0,19.1,0.89,19.1,121.0,75.7,5.67,75.7,"At 24, entering peak years. Defensive output improving. ↑"
Conor Bradley,Liverpool,21,DF,CB,754,954,61.1,56.2,83.8,79.9,4.0,13.4,0.48,13.4,31.0,24.4,3.7,24.4,"At 21, still in development years with room to grow. Defensive output improving. ↑"
Craig Dawson,Wolves,34,DF,CB,971,1485,65.6,62.8,86.6,85.2,9.0,14.3,0.83,14.3,52.0,68.0,4.82,68.0,"At 34, experience is key but decline is possible. Defensively consistent. → Minutes dropped recently — injury or form concern."
Cristian Romero,Tottenham,26,DF,CB,1416,1530,60.3,66.2,0.0,89.2,21.0,22.5,1.33,22.5,57.0,65.6,3.62,65.6,"At 26, entering peak years. Defensively consistent. → Minutes dropped recently — injury or form concern."
Dan Burn,Newcastle Utd,32,DF,CB,3330,2304,66.1,63.6,88.4,80.5,27.0,28.2,0.73,28.2,197.0,109.6,5.32,109.6,"At 32, experience is key but decline is possible. Defensive output improving. ↑ Playing more minutes each season."
Ethan Pinnock,Brentford,31,DF,CB,1913,2034,59.4,64.9,0.0,82.5,24.0,28.6,1.13,28.6,142.0,114.7,6.68,114.7,"At 31, experience is key but decline is possible. Defensive output improving. ↑ Minutes dropped recently — injury or form concern."
Ezri Konsa,Aston Villa,27,DF,CB,2936,2853,57.4,61.9,92.9,88.7,24.0,27.8,0.74,27.8,114.0,92.0,3.5,92.0,"At 27, entering peak years. Defensive output improving. ↑"
Harry Maguire,Manchester Utd,31,DF,CB,1757,1386,71.9,65.6,85.5,84.4,40.0,19.6,2.05,19.6,78.0,65.4,3.99,65.4,"At 31, experience is key but decline is possible. Defensive output declining. ↓"
Illia Zabarnyi,Bournemouth,22,DF,CB,3109,2916,63.6,58.4,0.0,80.5,41.0,30.1,1.19,30.1,182.0,121.6,5.27,121.6,"At 22, still in development years with room to grow. Defensive output improving. ↑"
Issa Diop,Fulham,27,DF,CB,1339,1467,62.5,60.4,87.5,85.5,9.0,17.6,0.6,17.6,72.0,67.7,4.84,67.7,"At 27, entering peak years. Defensively consistent. →"
James Justin,Leicester City,26,DF,CB,2912,1737,55.6,45.2,78.2,79.7,46.0,20.8,1.42,20.8,141.0,57.9,4.36,57.9,"At 26, entering peak years. Defensive output improving. ↑ Playing more minutes each season."
James Tarkowski,Everton,32,DF,CB,2922,2970,75.6,65.2,0.0,79.3,41.0,42.0,1.26,42.0,213.0,152.3,6.56,152.3,"At 32, experience is key but decline is possible. Defensive output improving. ↑ Minutes dropped recently — injury or form concern."
Jan Bednarek,Southampton,28,DF,CB,2531,2151,65.7,65.1,92.7,82.7,56.0,44.2,1.99,44.2,190.0,104.5,6.76,104.5,"At 28, in prime years but may begin to slow. Defensive output improving. ↑ Playing more minutes each season."
Jannik Vestergaard,Leicester City,32,DF,CB,1391,1107,57.8,63.5,0.0,85.0,16.0,14.3,1.03,14.3,74.0,55.5,4.79,55.5,"At 32, experience is key but decline is possible. Defensive output declining. ↓ Playing more minutes each season."
Jarell Quansah,Liverpool,21,DF,CB,495,990,41.2,63.0,0.0,87.4,7.0,13.6,1.27,13.6,28.0,33.8,5.09,33.8,"At 21, still in development years with room to grow. Defensive output improving. ↑ Minutes dropped recently — injury or form concern."
Jarrad Branthwaite,Everton,22,DF,CB,2511,2124,59.2,64.5,82.1,80.2,27.0,30.0,0.97,30.0,191.0,103.3,6.85,103.3,"At 22, still in development years with room to grow. Defensive output improving. ↑ Minutes dropped recently — injury or form concern."
Joachim Andersen,Fulham → Crystal Palace,28,DF,CB,2673,2502,65.4,65.3,82.4,81.1,34.0,30.8,1.15,30.8,195.0,122.5,6.57,122.5,"At 28, in prime years but may begin to slow. Defensive output improving. ↑ Minutes dropped recently — injury or form concern."
Kenny Tete,Fulham,29,DF,CB,1774,1242,52.2,52.2,0.0,78.4,32.0,18.5,1.62,18.5,67.0,44.1,3.4,44.1,"At 29, in prime years but may begin to slow. Defensively consistent. → Playing more minutes each season."
Konstantinos Mavropanos,West Ham,27,DF,CB,2045,1530,69.5,63.4,0.0,76.3,40.0,20.1,1.76,20.1,126.0,75.4,5.54,75.4,"At 27, entering peak years. Defensive output improving. ↑ Playing more minutes each season."
Levi Colwill,Chelsea,21,DF,CB,3149,1925,60.7,62.9,89.3,83.6,33.0,24.3,0.94,24.3,118.0,70.6,3.37,70.6,"At 21, still in development years with room to grow. Defensively consistent. → Playing more minutes each season."
Lucas Digne,Aston Villa,31,DF,CB,2351,1755,56.9,56.9,74.9,75.5,25.0,21.0,0.96,21.0,89.0,54.2,3.41,54.2,"At 31, experience is key but decline is possible. Defensive output improving. ↑"
Luke Thomas,Leicester City,23,DF,CB,1110,1179,54.2,45.4,0.0,75.7,21.0,14.6,1.7,14.6,49.0,38.1,3.97,38.1,"At 23, still in development years with room to grow. Defensive output improving. ↑"
Marcos Senesi,Bournemouth,27,DF,CB,1106,1269,52.5,53.6,0.0,78.1,14.0,17.8,1.14,17.8,58.0,55.0,4.72,55.0,"At 27, entering peak years. Defensive output improving. ↑ Minutes dropped recently — injury or form concern."
Matt Doherty,Wolves,32,DF,CB,2109,1377,72.7,55.5,82.8,79.5,22.0,15.7,0.94,15.7,102.0,48.1,4.35,48.1,"At 32, experience is key but decline is possible. Defensive output improving. ↑ Playing more minutes each season."
Max Kilman,West Ham,27,DF,CB,3348,3150,67.3,63.6,86.7,84.6,38.0,36.4,1.02,36.4,212.0,146.7,5.7,146.7,"At 27, entering peak years. Defensive output improving. ↑"
Michael Keane,Everton,31,DF,CB,1049,1350,56.5,62.6,82.8,76.8,16.0,18.4,1.37,18.4,65.0,67.3,5.58,67.3,"At 31, experience is key but decline is possible. Defensive output improving. ↑"
Murillo,Nott'ham Forest,22,DF,CB,3188,2826,66.7,54.1,0.0,77.6,36.0,38.4,1.02,38.4,249.0,159.4,7.03,159.4,"At 22, still in development years with room to grow. Defensive output improving. ↑"
Nathan Collins,Brentford,23,DF,CB,3420,2772,62.9,60.9,85.9,82.0,34.0,36.2,0.9,36.2,226.0,132.9,5.95,132.9,"At 23, still in development years with room to grow. Defensive output improving. ↑ Playing more minutes each season."
Neco Williams,Nott'ham Forest,23,DF,CB,2594,2169,57.1,52.3,0.0,71.7,31.0,28.6,1.08,28.6,137.0,66.1,4.75,66.1,"At 23, still in development years with room to grow. Defensive output improving. ↑ Playing more minutes each season."
Santiago Bueno,Wolves,26,DF,CB,1687,1179,53.0,42.1,88.0,86.1,15.0,11.9,0.8,11.9,70.0,46.6,3.73,46.6,"At 26, entering peak years. Defensively consistent. → Playing more minutes each season."
Timothy Castagne,Fulham,29,DF,CB,1649,1655,49.3,50.6,81.8,80.7,22.0,20.4,1.2,20.4,83.0,48.7,4.53,48.7,"At 29, in prime years but may begin to slow. Defensive output improving. ↑ Minutes dropped recently — injury or form concern."
Tosin Adarabioyo,Chelsea,27,DF,CB,1409,1575,60.0,65.2,91.1,84.2,11.0,20.4,0.7,20.4,80.0,80.6,5.11,80.6,"At 27, entering peak years. Defensive output improving. ↑"
Toti Gomes,Wolves,25,DF,CB,2614,2358,67.1,61.0,85.9,83.2,25.0,23.8,0.86,23.8,152.0,91.6,5.23,91.6,"At 25, entering peak years. Defensive output improving. ↑"
Trevoh Chalobah,Chelsea → Crystal Palace,25,DF,CB,1970,1368,59.2,53.8,84.1,86.6,29.0,15.2,1.32,15.2,105.0,59.8,4.8,59.8,"At 25, entering peak years. Defensively consistent. → Playing more minutes each season."
Tyrone Mings,Aston Villa,31,DF,CB,1120,2052,55.1,66.4,0.0,83.7,7.0,26.9,0.56,26.9,61.0,99.1,4.9,99.1,"At 31, experience is key but decline is possible. Defensively consistent. → Minutes dropped recently — injury or form concern."
Virgil van Dijk,Liverpool,33,DF,CB,3330,2511,72.1,68.4,0.0,90.2,56.0,28.0,1.51,28.0,190.0,114.1,5.13,114.1,"At 33, experience is key but decline is possible. Defensive output improving. ↑"
Vitaliy Mykolenko,Everton,25,DF,CB,3082,2178,56.0,51.6,0.0,74.9,44.0,27.8,1.28,27.8,145.0,75.9,4.23,75.9,"At 25, entering peak years. Defensive output improving. ↑ Playing more minutes each season."
Wesley Fofana,Chelsea,24,DF,CB,1172,1017,69.2,61.9,90.2,87.3,14.0,14.1,1.07,14.1,55.0,37.9,4.22,37.9,"At 24, entering peak years. Defensive output improving. ↑"
Wout Faes,Leicester City,26,DF,CB,2815,2610,55.6,59.6,88.0,83.2,26.0,35.6,0.83,35.6,185.0,104.9,5.92,104.9,"At 26, entering peak years. Defensive output improving. ↑"
Abdukodir Khusanov,Manchester City,20,DF,CB,503,503,60.0,60.0,91.1,91.1,3.0,3.0,0.54,3.0,29.0,29.0,5.19,29.0,Prediction based on 2024 performance baseline.
Caleb Okoli,Leicester City,23,DF,CB,1125,1125,52.3,52.3,0.0,0.0,15.0,15.0,1.2,15.0,79.0,79.0,6.32,79.0,Prediction based on 2024 performance baseline.
Cameron Burgess,Ipswich Town,29,DF,CB,1541,1541,66.7,66.7,80.9,80.9,14.0,14.0,0.82,14.0,128.0,128.0,7.48,128.0,Prediction based on 2024 performance baseline.
Dara O'Shea,Ipswich Town,25,DF,CB,3122,3122,57.3,57.3,0.0,0.0,33.0,33.0,0.95,33.0,225.0,225.0,6.49,225.0,Prediction based on 2024 performance baseline.
Dean Huijsen,Bournemouth,19,DF,CB,2427,2427,60.7,60.7,83.4,83.4,51.0,51.0,1.89,51.0,198.0,198.0,7.34,198.0,Prediction based on 2024 performance baseline.
Emmanuel Agbadou,Wolves,27,DF,CB,1410,1410,56.5,56.5,85.4,85.4,12.0,12.0,0.77,12.0,90.0,90.0,5.75,90.0,Prediction based on 2024 performance baseline.
Fabian Schar,Newcastle Utd,33,DF,CB,2934,2934,44.1,44.1,0.0,0.0,45.0,45.0,1.38,45.0,138.0,138.0,4.23,138.0,Prediction based on 2024 performance baseline.
Ibrahima Konate,Liverpool,25,DF,CB,2560,2560,71.8,71.8,90.2,90.2,17.0,17.0,0.6,17.0,133.0,133.0,4.68,133.0,Prediction based on 2024 performance baseline.
Jacob Greaves,Ipswich Town,24,DF,CB,2205,2205,67.5,67.5,85.8,85.8,21.0,21.0,0.86,21.0,148.0,148.0,6.04,148.0,Prediction based on 2024 performance baseline.
Jake O'Brien,Everton,23,DF,CB,1571,1571,57.7,57.7,0.0,0.0,4.0,4.0,0.23,4.0,93.0,93.0,5.33,93.0,Prediction based on 2024 performance baseline.
Jean-Clair Todibo,West Ham,25,DF,CB,1825,1825,51.9,51.9,0.0,0.0,26.0,26.0,1.28,26.0,83.0,83.0,4.09,83.0,Prediction based on 2024 performance baseline.
Kevin Danso,Tottenham,26,DF,CB,842,842,63.6,63.6,86.5,86.5,6.0,6.0,0.64,6.0,71.0,71.0,7.59,71.0,Prediction based on 2024 performance baseline.
Leif Davis,Ipswich Town,24,DF,CB,2742,2742,59.6,59.6,71.6,71.6,25.0,25.0,0.82,25.0,77.0,77.0,2.53,77.0,Prediction based on 2024 performance baseline.
Luke Woolfenden,Ipswich Town,26,DF,CB,1187,1187,50.0,50.0,0.0,0.0,19.0,19.0,1.44,19.0,76.0,76.0,5.76,76.0,Prediction based on 2024 performance baseline.
Marc Guehi,Crystal Palace,24,DF,CB,3059,3059,54.0,54.0,83.5,83.5,28.0,28.0,0.82,28.0,163.0,163.0,4.8,163.0,Prediction based on 2024 performance baseline.
Matthijs de Ligt,Manchester Utd,25,DF,CB,2123,2123,66.7,66.7,89.9,89.9,33.0,33.0,1.4,33.0,96.0,96.0,4.07,96.0,Prediction based on 2024 performance baseline.
Maxence Lacroix,Crystal Palace,24,DF,CB,3116,3116,54.5,54.5,81.7,81.7,54.0,54.0,1.56,54.0,207.0,207.0,5.98,207.0,Prediction based on 2024 performance baseline.
Michael Kayode,Brentford,20,DF,CB,528,528,69.2,69.2,76.3,76.3,7.0,7.0,1.19,7.0,19.0,19.0,3.24,19.0,Prediction based on 2024 performance baseline.
Morato,Nott'ham Forest,23,DF,CB,907,907,30.0,30.0,0.0,0.0,10.0,10.0,0.99,10.0,78.0,78.0,7.74,78.0,Prediction based on 2024 performance baseline.
Nathan Wood-Gordon,Southampton,22,DF,CB,773,773,65.2,65.2,0.0,0.0,5.0,5.0,0.58,5.0,39.0,39.0,4.54,39.0,Prediction based on 2024 performance baseline.
Nikola Milenkovic,Nott'ham Forest,27,DF,CB,3330,3330,72.1,72.1,0.0,0.0,27.0,27.0,0.73,27.0,209.0,209.0,5.65,209.0,Prediction based on 2024 performance baseline.
Oliver Scarles,West Ham,19,DF,CB,665,665,50.0,50.0,0.0,0.0,11.0,11.0,1.49,11.0,26.0,26.0,3.52,26.0,Prediction based on 2024 performance baseline.
Radu Dragusin,Tottenham,22,DF,CB,1252,1252,60.0,60.0,85.2,85.2,15.0,15.0,1.08,15.0,49.0,49.0,3.52,49.0,Prediction based on 2024 performance baseline.
Ryan Manning,Southampton,28,DF,CB,1462,1462,71.4,71.4,77.1,77.1,17.0,17.0,1.05,17.0,47.0,47.0,2.89,47.0,Prediction based on 2024 performance baseline.
Sepp van den Berg,Brentford,23,DF,CB,2585,2585,55.0,55.0,85.4,85.4,21.0,21.0,0.73,21.0,134.0,134.0,4.66,134.0,Prediction based on 2024 performance baseline.
Taylor Harwood-Bellis,Southampton,22,DF,CB,2825,2825,56.3,56.3,87.4,87.4,30.0,30.0,0.96,30.0,141.0,141.0,4.49,141.0,Prediction based on 2024 performance baseline.
Victor Lindelof,Manchester Utd,30,DF,CB,704,704,53.1,53.1,93.8,93.8,8.0,8.0,1.02,8.0,36.0,36.0,4.6,36.0,Prediction based on 2024 performance baseline.
Welington,Southampton,23,DF,CB,481,481,55.6,55.6,0.0,0.0,7.0,7.0,1.31,7.0,36.0,36.0,6.72,36.0,Prediction based on 2024 performance baseline.
